http://amritmahotsav.nic.in/weekly-highlights-detail.htm?46
http://amritmahotsav.nic.in/weekly-highlights-detail.htm?47
http://amritmahotsav.nic.in/weekly-highlights-detail.htm?48
http://cmsadmin.amritmahotsav.nic.in/EventUser/EventLogin.aspx
http://dspace.srmist.edu.in/jspui/
http://mod.nic.in/
http://nptelvideocourse.srmist.edu.in/NPTEL
http://opac.srmist.edu.in/opac/
http://srmap.edu.in/
http://webstor.srmist.edu.in/web_assets/downloads/2021/hotel-mgmt-info.pdf
http://webstor.srmist.edu.in/web_assets/downloads/2021/management-info.pdf
http://webstor.srmist.edu.in/web_assets/downloads/2021/medicine-info.pdf
http://webstor.srmist.edu.in/web_assets/downloads/2021/science-humanities-info.pdf
http://webstor.srmist.edu.in/web_assets/srm_ir/files/academic_calendar2013-14.pdf
http://webstor.srmist.edu.in/web_assets/srm_mainsite/files/2016/Management_info_2017.pdf
http://webstor.srmist.edu.in/web_assets/srm_mainsite/files/2016/Medicine_info_2017.pdf
http://webstor.srmist.edu.in/web_assets/srm_mainsite/files/2016/hotel_mgmt_info_2017.pdf
http://webstor.srmist.edu.in/web_assets/srm_mainsite/files/2016/srm_e_t_info_2017.pdf
http://webstor.srmist.edu.in/web_assets/srm_mainsite/files/2016/srmjeee_guide_info_2017.pdf
http://webstor.srmist.edu.in/web_assets/srm_mainsite/files/2019/list-of-IEEE-&-IEE-journals-240.pdf
http://webstor.srmist.edu.in/web_assets/srm_mainsite/files/2019/list-of-acm-journals-59.pdf
http://webstor.srmist.edu.in/web_assets/srm_mainsite/files/2019/list-of-asce-journals-38.pdf
http://webstor.srmist.edu.in/web_assets/srm_mainsite/files/2019/list-of-asme-journals-32.pdf
http://webstor.srmist.edu.in/web_assets/srm_mainsite/files/2019/list-of-ebsco-journals-2170.pdf
http://webstor.srmist.edu.in/web_assets/srm_mainsite/files/2019/list-of-elsevier-e-books-2175.pdf
http://webstor.srmist.edu.in/web_assets/srm_mainsite/files/2019/list-of-elsevier-journals-cse-172.pdf
http://webstor.srmist.edu.in/web_assets/srm_mainsite/files/2019/list-of-elsevier-journals-e&t-300.pdf
http://webstor.srmist.edu.in/web_assets/srm_mainsite/files/2019/list-of-iete-books-414.pdf
http://webstor.srmist.edu.in/web_assets/srm_mainsite/files/2019/list-of-jstor-journals-247.pdf
http://webstor.srmist.edu.in/web_assets/srm_mainsite/files/2019/list-of-mcgraw-hill-e-books-702.pdf
http://webstor.srmist.edu.in/web_assets/srm_mainsite/files/2019/list-of-scc-law-journals-150.pdf
http://webstor.srmist.edu.in/web_assets/srm_mainsite/files/2019/list-of-springer-e-books-13196.pdf
http://webstor.srmist.edu.in/web_assets/srm_mainsite/files/2019/list-of-springer-journals-1950.pdf
http://webstor.srmist.edu.in/web_assets/srm_mainsite/files/2019/list-of-wiley-blackwell-e-books-204.pdf
http://webstor.srmist.edu.in/web_assets/srm_mainsite/files/2020/fas-brochure-01-04-2020.pdf
http://webstor.srmist.edu.in/web_assets/srm_mainsite/files/new.html
http://www.indiannavy.nic.in/NWWA/index.html
http://www.indiannavy.nic.in/insvalsura
http://www.indiannavy.nic.in/nih
http://www.srmist.edu.in/admission-india/
http://www.srmist.edu.in/announcement/sop-for-physical-reopening-of-university-for-teachers-administrative-staff-others
https://admissions.srmist.edu.in/srmistonline/Perambalur
https://admissions.srmist.edu.in/srmistonline/applicationist/loginManager/applicantRegistration.jsp
https://admissions2021.srmap.edu.in/bba-hons/
https://admissions2021.srmap.edu.in/bsc-hons/
https://admissions2021.srmap.edu.in/m-tech/
https://admissions2021.srmap.edu.in/m-tech/?utm_source=google&utm_medium=banner&utm_campaign=mtech-scholarship
https://admissions2021.srmap.edu.in/mba-bfs/
https://admissions2021.srmap.edu.in/mba-data-science/
https://admissions2021.srmap.edu.in/mba-general/
https://alumni.srmap.edu.in/user/login.dz
https://amritmahotsav.nic.in/blogdetail.htm?55
https://amritmahotsav.nic.in/competitions.htm
https://amritmahotsav.nic.in/digital-district-repository.htm
https://amritmahotsav.nic.in/event-detail.htm?13407
https://amritmahotsav.nic.in/freedom-movement.htm
https://amritmahotsav.nic.in/melodies-of-freedom-list.htm
https://amritmahotsav.nic.in/reimagining-museums.htm?10429
https://amritmahotsav.nic.in/swatantra-swar.htm
https://amritmahotsav.nic.in/unsung-heroes.htm
https://applications.srmap.edu.in/phd
https://applications.srmist.edu.in/advanced-pg-diploma
https://applications.srmist.edu.in/agriculture
https://applications.srmist.edu.in/architecture-and-design
https://applications.srmist.edu.in/bba
https://applications.srmist.edu.in/fellowship
https://applications.srmist.edu.in/hcma
https://applications.srmist.edu.in/hspg-diploma
https://applications.srmist.edu.in/hspg-ee
https://applications.srmist.edu.in/law
https://applications.srmist.edu.in/m-arch
https://applications.srmist.edu.in/mba
https://applications.srmist.edu.in/part-time-ug-pg-courses
https://applications.srmist.edu.in/science-and-humanities
https://care.srmist.edu.in/
https://distanceeducation.srmist.edu.in/distance-education-application-form
https://indiannavy.nic.in#a
https://indiannavy.nic.in#b
https://indiannavy.nic.in#c
https://indiannavy.nic.in#d
https://indiannavy.nic.in#e
https://indiannavy.nic.in#eluid85072108_1_0
https://indiannavy.nic.in#eluid85072108_1_1
https://indiannavy.nic.in#eluid85072108_1_2
https://indiannavy.nic.in#eluid85072108_1_3
https://indiannavy.nic.in#eluid85072108_1_4
https://indiannavy.nic.in#f
https://indiannavy.nic.in#g
https://indiannavy.nic.in#h
https://indiannavy.nic.in#hero-carousel
https://indiannavy.nic.in#i
https://indiannavy.nic.in#indx
https://indiannavy.nic.in#j
https://indiannavy.nic.in#k
https://indiannavy.nic.in#l
https://indiannavy.nic.in#main
https://indiannavy.nic.in#media_3
https://indiannavy.nic.in#media_4
https://indiannavy.nic.in#n
https://indiannavy.nic.in#nav-home
https://indiannavy.nic.in#nav-profile
https://indiannavy.nic.in#o
https://indiannavy.nic.in#p
https://indiannavy.nic.in#q
https://indiannavy.nic.in#s
https://indiannavy.nic.in#s1
https://indiannavy.nic.in#s2
https://indiannavy.nic.in#t
https://indiannavy.nic.in#tab-1
https://indiannavy.nic.in#tab-2
https://indiannavy.nic.in#tab-3
https://indiannavy.nic.in#tab-4
https://indiannavy.nic.in#tab1default
https://indiannavy.nic.in#tab2default
https://indiannavy.nic.in#tab3default
https://indiannavy.nic.in#top
https://indiannavy.nic.in#u
https://indiannavy.nic.in#v
https://indiannavy.nic.in#w
https://indiannavy.nic.in#x
https://indiannavy.nic.in#y
https://indiannavy.nic.in#z
https://indiannavy.nic.in/
https://indiannavy.nic.in/ https:/www.srmist.edu.in/sites/default/files/downloads/srm-sports_dc-jul2014.pdf
https://indiannavy.nic.in/ https:=
https://indiannavy.nic.in/Announcements
https://indiannavy.nic.in/University-News
https://indiannavy.nic.in/University-News?page=1
https://indiannavy.nic.in/University-News?page=144
https://indiannavy.nic.in/University-News?page=2
https://indiannavy.nic.in/University-News?page=3
https://indiannavy.nic.in/about.htm
https://indiannavy.nic.in/aboutus/archives
https://indiannavy.nic.in/aboutus/building-details
https://indiannavy.nic.in/aboutus/campus-view
https://indiannavy.nic.in/aboutus/corporate-advisory-board
https://indiannavy.nic.in/aboutus/library-staff
https://indiannavy.nic.in/aboutus/non-printed-materials
https://indiannavy.nic.in/aboutus/our-campus
https://indiannavy.nic.in/aboutus/our-campus/library
https://indiannavy.nic.in/aboutus/panel-foreign-faculty
https://indiannavy.nic.in/aboutus/resource-sharing
https://indiannavy.nic.in/aboutus/resources
https://indiannavy.nic.in/aboutus/rules-and-regulations
https://indiannavy.nic.in/aboutus/sports
https://indiannavy.nic.in/aboutus/srm-university-where-you-have-freedom-take-wings
https://indiannavy.nic.in/aboutus/strategic-alliance
https://indiannavy.nic.in/aboutus/student-services
https://indiannavy.nic.in/academics/colleges-and-schools
https://indiannavy.nic.in/academics/engineering
https://indiannavy.nic.in/academics/management
https://indiannavy.nic.in/academics/science-and-humanities
https://indiannavy.nic.in/acdemics/international-advisory-board
https://indiannavy.nic.in/achivements-75.htm
https://indiannavy.nic.in/actions-75.htm
https://indiannavy.nic.in/admission-india
https://indiannavy.nic.in/admission-india/
https://indiannavy.nic.in/admission-international
https://indiannavy.nic.in/admissions-open-medical-health-sciences-programs-srmist
https://indiannavy.nic.in/alumni-affairs/about-us
https://indiannavy.nic.in/archive/press-release
https://indiannavy.nic.in/archives
https://indiannavy.nic.in/ariia-2021-rankings-srm-secures-fourth-position-private-or-self-financed-universities
https://indiannavy.nic.in/blog.htm
https://indiannavy.nic.in/blogdetail.htm?60
https://indiannavy.nic.in/blogdetail.htm?61
https://indiannavy.nic.in/campus-life/facilities-and-operations
https://indiannavy.nic.in/campus-life/students-counseling-service
https://indiannavy.nic.in/campus/arts-culture
https://indiannavy.nic.in/campus/athleticsfitness
https://indiannavy.nic.in/campus/campus
https://indiannavy.nic.in/campus/caste_discrimination
https://indiannavy.nic.in/campus/constitution-internal-complaints-committee
https://indiannavy.nic.in/campus/publicservice
https://indiannavy.nic.in/campus/studentlife
https://indiannavy.nic.in/campus_connect/spectrum
https://indiannavy.nic.in/children-corner-detail.htm?10
https://indiannavy.nic.in/children-corner-detail.htm?7
https://indiannavy.nic.in/children-corner-detail.htm?8
https://indiannavy.nic.in/children-corner-detail.htm?9
https://indiannavy.nic.in/children-corner.htm
https://indiannavy.nic.in/children-ideas-rights-nutrition.htm?10407
https://indiannavy.nic.in/competitions.htm
https://indiannavy.nic.in/contact-us
https://indiannavy.nic.in/contact.htm
https://indiannavy.nic.in/content/2016-year-civilian-personnel
https://indiannavy.nic.in/content/73-republic-day-celebration
https://indiannavy.nic.in/content/about-us
https://indiannavy.nic.in/content/accessibility
https://indiannavy.nic.in/content/address-admiral-karambir-singh-cns-during-ficci-international-seminar-%E2%80%98nation-building-0
https://indiannavy.nic.in/content/admiral-karambir-singh-cns-delivering-address-4th-defence-attaches-conclave-18-oct-2019
https://indiannavy.nic.in/content/admiral-sunil-lanba-cns-delivering-speech-during-screening-insv-tarini-documentary-lsr
https://indiannavy.nic.in/content/admiral-sunil-lanba-cosc-cns-delivering-inaugural-address-during-iprd-2019-new-delhi-05
https://indiannavy.nic.in/content/automation-and-services
https://indiannavy.nic.in/content/award-certificates-ceremony-14th-foreign-observer-course-and-award-instructor-badges-11th
https://indiannavy.nic.in/content/awards-achievements-students-and-faculty
https://indiannavy.nic.in/content/chief-naval-staff-reviews-pfr-and-milan-preparations
https://indiannavy.nic.in/content/children-cnn-boys-school-thrissur-visit-southern-naval-command-kochi
https://indiannavy.nic.in/content/civilian
https://indiannavy.nic.in/content/cme-conference-details
https://indiannavy.nic.in/content/cns-address-key-takeaways-drdo-directors-conference%E2%80%93-15-oct-19
https://indiannavy.nic.in/content/cns-message-covid-19-12-may-21-0
https://indiannavy.nic.in/content/cns-message-indian-navy-personnel-covid-19
https://indiannavy.nic.in/content/cns-message-occasion-navy-day-2021-0
https://indiannavy.nic.in/content/cns-message-veterans-navy-day-2020-0
https://indiannavy.nic.in/content/commands
https://indiannavy.nic.in/content/contact-us
https://indiannavy.nic.in/content/copyright-policy
https://indiannavy.nic.in/content/corporate-advisory-board-10
https://indiannavy.nic.in/content/covid-19-updates
https://indiannavy.nic.in/content/daredevil-squadron-emerge-victorious-inter-squadron-declamation-competition
https://indiannavy.nic.in/content/decommissioned-khukri-handed-over-diu-administration
https://indiannavy.nic.in/content/details-affiliated-university
https://indiannavy.nic.in/content/dgs-and-controllers
https://indiannavy.nic.in/content/e-calendar
https://indiannavy.nic.in/content/engineering-procurement-and-construction-epc-bridge-and-elevated-road-under-work-package-4b
https://indiannavy.nic.in/content/faculty-abroad-program
https://indiannavy.nic.in/content/feedback-0
https://indiannavy.nic.in/content/first-sea-sortie-fifth-scorpene-submarine-%E2%80%98vagir%E2%80%99
https://indiannavy.nic.in/content/first-training-squadron
https://indiannavy.nic.in/content/flag-officer-commanding-chief-eastern-naval-command-0
https://indiannavy.nic.in/content/flag-officer-commanding-chief-southern-naval-command-0
https://indiannavy.nic.in/content/flag-officer-commanding-chief-western-naval-command
https://indiannavy.nic.in/content/flag-officer-sea-training-fost
https://indiannavy.nic.in/content/fleet
https://indiannavy.nic.in/content/focinc-west-visits-imac-and-ifc-ior
https://indiannavy.nic.in/content/foreign-training
https://indiannavy.nic.in/content/gallantry-awards-portal-1
https://indiannavy.nic.in/content/gateway-student
https://indiannavy.nic.in/content/geographical-location
https://indiannavy.nic.in/content/guidelines-award-winners
https://indiannavy.nic.in/content/help
https://indiannavy.nic.in/content/history
https://indiannavy.nic.in/content/homage-lataji
https://indiannavy.nic.in/content/hostels
https://indiannavy.nic.in/content/hyperlinking-policy
https://indiannavy.nic.in/content/ihq-mod-navy
https://indiannavy.nic.in/content/inauguration-ncn-delhi
https://indiannavy.nic.in/content/indian-naval-academy-0
https://indiannavy.nic.in/content/indian-naval-symphonic-band-concert-kolkata
https://indiannavy.nic.in/content/indian-navy-operational-activities-during-covid-19
https://indiannavy.nic.in/content/initiatives-clean-and-green-navy
https://indiannavy.nic.in/content/ins-aditya-renders-medical-assistance-injured-fisherman-sea
https://indiannavy.nic.in/content/ins-chilka-0
https://indiannavy.nic.in/content/ins-dronacharya-0
https://indiannavy.nic.in/content/ins-hamla-0
https://indiannavy.nic.in/content/ins-shivaji-0
https://indiannavy.nic.in/content/ins-tarasa-visited-finolex-port
https://indiannavy.nic.in/content/ins-valsura-0
https://indiannavy.nic.in/content/integrated-headquarters-mod-navy-new-delhi
https://indiannavy.nic.in/content/invitation-quotations-procurement-sports-equipment-navy-teams
https://indiannavy.nic.in/content/joint-tri-service-operations-and-exercises
https://indiannavy.nic.in/content/journals-periodicals
https://indiannavy.nic.in/content/keel-laying-first-class-diving-support-craft-ms-titagarh-wagons-ltd-kolkata
https://indiannavy.nic.in/content/kindly-update-app-new-version-ignore-if-already-updated
https://indiannavy.nic.in/content/maintenance-dredging-naval-channel-and-alongside-naval-berths-naval-area-visakhapatnam
https://indiannavy.nic.in/content/materiel-branch
https://indiannavy.nic.in/content/medals-and-honours
https://indiannavy.nic.in/content/medical-college-library-0
https://indiannavy.nic.in/content/medical-education-0
https://indiannavy.nic.in/content/miscellaneous-welfare
https://indiannavy.nic.in/content/missile-seminar-2021
https://indiannavy.nic.in/content/mou-between-indian-navy-and-india-infoline-home-finance-ltd
https://indiannavy.nic.in/content/national-operations
https://indiannavy.nic.in/content/naval-aviation
https://indiannavy.nic.in/content/naval-construction-wing-ncw-iit-new-delhi
https://indiannavy.nic.in/content/naval-group-insurance-fund
https://indiannavy.nic.in/content/naval-investiture-ceremony-%E2%80%93-2022-western-naval-command-held-mumbai
https://indiannavy.nic.in/content/naval-investiture-ceremony-2021-new-delhi
https://indiannavy.nic.in/content/ncc-cadets-embarked-onboard-ins-tir-return-overseas-deployment
https://indiannavy.nic.in/content/occasion-navy-day-2020
https://indiannavy.nic.in/content/order-precedence
https://indiannavy.nic.in/content/organisation
https://indiannavy.nic.in/content/other-authorities
https://indiannavy.nic.in/content/others
https://indiannavy.nic.in/content/overseas-operations
https://indiannavy.nic.in/content/past-events-and-achievements-0
https://indiannavy.nic.in/content/personnel-branch
https://indiannavy.nic.in/content/policies
https://indiannavy.nic.in/content/principal-staff-officers
https://indiannavy.nic.in/content/privacy-policy
https://indiannavy.nic.in/content/proforma-respect-foreign-warships-visiting-indian-ports
https://indiannavy.nic.in/content/provision-married-accommodation-senior-sailors-related-facilities-and-services-under-wp-03
https://indiannavy.nic.in/content/request-information-rfi-simulators-remotely-operated-vehicle-rov-and-submarine-rescue-vessel
https://indiannavy.nic.in/content/residential-quarters
https://indiannavy.nic.in/content/role-navy
https://indiannavy.nic.in/content/sabka-saath-sabka-vikas-sabka-vishwas-sabka-prayas-0
https://indiannavy.nic.in/content/sail-training-ships
https://indiannavy.nic.in/content/screen-reader-access
https://indiannavy.nic.in/content/serving
https://indiannavy.nic.in/content/sports-adventure
https://indiannavy.nic.in/content/srm-medical-college-hospital-research-centre
https://indiannavy.nic.in/content/staff-branch-i
https://indiannavy.nic.in/content/staff-branch-ii
https://indiannavy.nic.in/content/submarine-museum
https://indiannavy.nic.in/content/submarines-active
https://indiannavy.nic.in/content/tender-notice
https://indiannavy.nic.in/content/terms-conditions
https://indiannavy.nic.in/content/training-establishments
https://indiannavy.nic.in/content/training-updates
https://indiannavy.nic.in/content/us-navy-delegation-visits-hqwnc-mumbai-09-feb-22
https://indiannavy.nic.in/content/vcns-reviews-progress-and-witness-flight-trials-varuna
https://indiannavy.nic.in/content/veer-gatha
https://indiannavy.nic.in/content/veer-gatha-0
https://indiannavy.nic.in/content/veterans
https://indiannavy.nic.in/content/vision
https://indiannavy.nic.in/content/visitors
https://indiannavy.nic.in/content/web-links
https://indiannavy.nic.in/content/world-cancer-day-events-karwar-naval-base
https://indiannavy.nic.in/content/year-sailor
https://indiannavy.nic.in/corporate-relations/
https://indiannavy.nic.in/countries.htm?4
https://indiannavy.nic.in/digital-district-repository.htm
https://indiannavy.nic.in/downloads.htm
https://indiannavy.nic.in/engineering/anti-ragging
https://indiannavy.nic.in/engineering/womens-grievance-redressal-committee
https://indiannavy.nic.in/erc/index.html
https://indiannavy.nic.in/event-calendar
https://indiannavy.nic.in/event-created
https://indiannavy.nic.in/event-detail.htm?11186
https://indiannavy.nic.in/event-detail.htm?11312
https://indiannavy.nic.in/event-detail.htm?11473
https://indiannavy.nic.in/event-detail.htm?12035
https://indiannavy.nic.in/event-detail.htm?12828
https://indiannavy.nic.in/event-detail.htm?12876
https://indiannavy.nic.in/event-detail.htm?12908
https://indiannavy.nic.in/event-detail.htm?12913
https://indiannavy.nic.in/event-detail.htm?13246
https://indiannavy.nic.in/event-detail.htm?13409
https://indiannavy.nic.in/event-detail.htm?13434
https://indiannavy.nic.in/event-detail.htm?13473
https://indiannavy.nic.in/event-detail.htm?13474
https://indiannavy.nic.in/event-detail.htm?13647
https://indiannavy.nic.in/event-detail.htm?13650
https://indiannavy.nic.in/event-detail.htm?6418
https://indiannavy.nic.in/event-detail.htm?6419
https://indiannavy.nic.in/event-detail.htm?6979
https://indiannavy.nic.in/event-detail.htm?8745
https://indiannavy.nic.in/events
https://indiannavy.nic.in/events-activities.htm
https://indiannavy.nic.in/events/3rd-e-ictma-2022
https://indiannavy.nic.in/events/agam
https://indiannavy.nic.in/events/conference-on-multidisciplinary-research-in-pharmaceutical-sciences
https://indiannavy.nic.in/events/fdp-practices-deep-learning-models-simulation-tools-and-data-visualization-techniques-cloud
https://indiannavy.nic.in/events/icrabb-2022
https://indiannavy.nic.in/events/international-conference-on-technology-disruptions-challenges
https://indiannavy.nic.in/events/international-conference-smart-green-connected-society/#respond
https://indiannavy.nic.in/events/management-development-progarm-4
https://indiannavy.nic.in/events/mdp-on-business-analytics-design-thinking
https://indiannavy.nic.in/events/paarvendar-lecture-series-9
https://indiannavy.nic.in/events/science-technology-innovation-policy-2020/#respond
https://indiannavy.nic.in/events/srm-innovo-21-awards
https://indiannavy.nic.in/events/ted-x-kattankulathur
https://indiannavy.nic.in/facility.htm
https://indiannavy.nic.in/faculty-of-agricultural-sciences/vision
https://indiannavy.nic.in/feedback.htm
https://indiannavy.nic.in/file_download/pdf/SVV_2021.pdf
https://indiannavy.nic.in/freedom-movement.htm
https://indiannavy.nic.in/freedom-strugle.htm
https://indiannavy.nic.in/gallery.htm
https://indiannavy.nic.in/hi
https://indiannavy.nic.in/hi/content/%E0%A4%93%E0%A4%AE%E0%A4%BE%E0%A4%A8-%E0%A4%95%E0%A5%87-%E0%A4%AA%E0%A5%8D%E0%A4%B0%E0%A4%A4%E0%A4%BF%E0%A4%A8%E0%A4%BF%E0%A4%A7%E0%A4%BF%E0%A4%AE%E0%A4%82%E0%A4%A1%E0%A4%B2-%E0%A4%A8%E0%A5%87-%E0%A4%A6%E0%A4%95%E0%A5%8D%E0%A4%B7%E0%A4%BF%E0%A4%A3%E0%A5%80-%E0%A4%A8%E0%A5%8C%E0%A4%B8%E0%A5%87%E0%A4%A8%E0%A4%BE-%E0%A4%95%E0%A4%AE%E0%A4%BE%E0%A4%A8-%E0%A4%95%E0%A4%BE-%E0%A4%A6%E0%A5%8C%E0%A4%B0%E0%A4%BE-%E0%A4%95%E0%A4%BF%E0%A4%AF%E0%A4%BE
https://indiannavy.nic.in/hi/content/%E0%A4%A8%E0%A5%8C%E0%A4%B8%E0%A5%87%E0%A4%A8%E0%A4%BE-%E0%A4%87%E0%A4%82%E0%A4%B8%E0%A5%8D%E0%A4%9F%E0%A5%80%E0%A4%9F%E0%A5%8D%E0%A4%AF%E0%A5%82%E0%A4%9F-%E0%A4%91%E0%A4%AB-%E0%A4%8F%E0%A4%AF%E0%A4%B0%E0%A5%8B%E0%A4%A8%E0%A5%89%E0%A4%9F%E0%A4%BF%E0%A4%95%E0%A4%B2-%E0%A4%9F%E0%A5%87%E0%A4%95%E0%A5%8D%E0%A4%A8%E0%A5%8B%E0%A4%B2%E0%A5%89%E0%A4%9C%E0%A5%80-%E0%A4%95%E0%A5%8B%E0%A4%9A%E0%A5%8D%E0%A4%9A%E0%A4%BF-%E0%A4%AE%E0%A5%87%E0%A4%82-%E0%A4%AA%E0%A5%808-%E0%A4%86%E0%A4%88-%E0%A4%85%E0%A4%A8%E0%A5%81%E0%A4%B0%E0%A4%95%E0%A5%8D%E0%A4%B7%E0%A4%A3-%E0%A4%B8%E0%A4%BF%E0%A4%AE%E0%A5%8D%E0%A4%AF%E0%A5%81%E0%A4%B2%E0%A5%87%E0%A4%9F%E0%A4%B0-%E0%A4%95%E0%A5%87-%E0%A4%B8%E0%A5%8C%E0%A4%82%E0%A4%AA%E0%A4%A8%E0%A5%87
https://indiannavy.nic.in/hi/content/firsts-submarine-arm
https://indiannavy.nic.in/hi/content/medal-winners
https://indiannavy.nic.in/ideas-75.htm
https://indiannavy.nic.in/iec-human-studies-2017
https://indiannavy.nic.in/inba
https://indiannavy.nic.in/index.htm
https://indiannavy.nic.in/indigenisation
https://indiannavy.nic.in/institute-hotel-and-catering-management
https://indiannavy.nic.in/iqac/internal-quality-assurance-cell
https://indiannavy.nic.in/ir/
https://indiannavy.nic.in/ir/dual-degree
https://indiannavy.nic.in/ir/inward-mobility
https://indiannavy.nic.in/ir/ir/content/twining-transfer-degree
https://indiannavy.nic.in/ir/out-bound
https://indiannavy.nic.in/ir/outbound-mobility
https://indiannavy.nic.in/ir/twining-transfer-degree
https://indiannavy.nic.in/library/online-resources
https://indiannavy.nic.in/management/academics
https://indiannavy.nic.in/management/contact
https://indiannavy.nic.in/management/deans-message
https://indiannavy.nic.in/management/distinctive-features
https://indiannavy.nic.in/management/faculty-events-and-achievements
https://indiannavy.nic.in/management/infrastructure
https://indiannavy.nic.in/management/school-of-management
https://indiannavy.nic.in/management/school-of-management/about-department
https://indiannavy.nic.in/management/school-of-management/academics/programmes-Offered/mba/hrm
https://indiannavy.nic.in/management/school-of-management/academics/programmes-Offered/mba/marketing
https://indiannavy.nic.in/management/school-of-management/academics/programmes-Offered/mba/operations
https://indiannavy.nic.in/management/school-of-management/mba/programs-offered
https://indiannavy.nic.in/management/student-development-activities
https://indiannavy.nic.in/medal-winners?page=1
https://indiannavy.nic.in/medal-winners?page=2
https://indiannavy.nic.in/medal-winners?page=3
https://indiannavy.nic.in/medal-winners?page=4
https://indiannavy.nic.in/medal-winners?page=5
https://indiannavy.nic.in/medal-winners?page=6
https://indiannavy.nic.in/medal-winners?page=7
https://indiannavy.nic.in/medical-college
https://indiannavy.nic.in/medical-college/medical-museum
https://indiannavy.nic.in/medical/dean-medical-suprintendent-details
https://indiannavy.nic.in/medicine/curriculum-and-syllabus-md-and-ms
https://indiannavy.nic.in/melodies-of-freedom-list.htm
https://indiannavy.nic.in/ministries-and-departments.htm?1
https://indiannavy.nic.in/misc_wel/14
https://indiannavy.nic.in/misc_wel/15
https://indiannavy.nic.in/misc_wel/16
https://indiannavy.nic.in/muthucharam/
https://indiannavy.nic.in/news
https://indiannavy.nic.in/news-archive/2012
https://indiannavy.nic.in/news-archive/2013
https://indiannavy.nic.in/news-archive/2014
https://indiannavy.nic.in/news-archive/2015
https://indiannavy.nic.in/news-archive/2016
https://indiannavy.nic.in/news-archive/2017
https://indiannavy.nic.in/news-archive/2018
https://indiannavy.nic.in/news-archive/2019
https://indiannavy.nic.in/news-archive/2020
https://indiannavy.nic.in/news-archive/2021
https://indiannavy.nic.in/node/18448
https://indiannavy.nic.in/nrc/
https://indiannavy.nic.in/nss/index.php
https://indiannavy.nic.in/operations/10
https://indiannavy.nic.in/operations/11
https://indiannavy.nic.in/opportunity.htm
https://indiannavy.nic.in/photo-gallery.htm
https://indiannavy.nic.in/photo-gallery/5
https://indiannavy.nic.in/placement
https://indiannavy.nic.in/placement/
https://indiannavy.nic.in/placement/about
https://indiannavy.nic.in/placement/about-cdc
https://indiannavy.nic.in/placements/placement-optum/#respond
https://indiannavy.nic.in/press-release/page/1/0?combine=
https://indiannavy.nic.in/press-release/page/14/0?combine=
https://indiannavy.nic.in/press-release/page/2/0?combine=
https://indiannavy.nic.in/press-release/page/3/0?combine=
https://indiannavy.nic.in/press-release/page/4/0?combine=
https://indiannavy.nic.in/press-release/page/5/0?combine=
https://indiannavy.nic.in/press-release/page/6/0?combine=
https://indiannavy.nic.in/press-release/page/7/0?combine=
https://indiannavy.nic.in/press-release/page/8/0?combine=
https://indiannavy.nic.in/privacy-policy.htm
https://indiannavy.nic.in/reimagining-museums.htm?10429
https://indiannavy.nic.in/renewable-energy.htm?10430
https://indiannavy.nic.in/republic-day.htm?10408
https://indiannavy.nic.in/research/research-details
https://indiannavy.nic.in/resolve-75-reinforcing-commitments-to-specific-goals-and-targets.htm
https://indiannavy.nic.in/sap/
https://indiannavy.nic.in/school-law/about-the-department
https://indiannavy.nic.in/screen-reader-access.htm
https://indiannavy.nic.in/services.htm
https://indiannavy.nic.in/sitemap
https://indiannavy.nic.in/sitemap.htm
https://indiannavy.nic.in/sites/default/files/STQC Certificate- Indian Navy website.pdf
https://indiannavy.nic.in/sites/default/files/photo_gallery/coverimagephotogallary_4_0.jpeg
https://indiannavy.nic.in/speech
https://indiannavy.nic.in/srm-dbt/node/14
https://indiannavy.nic.in/srm-ist-organized-south-zone-inter-university-tennis-women-tournament-2021-22
https://indiannavy.nic.in/srmist-organizing-south-zone-inter-university-tennis-women-tournament-2021-2022
https://indiannavy.nic.in/states-and-uts.htm?2
https://indiannavy.nic.in/surface-ships-0
https://indiannavy.nic.in/sustainability-cell
https://indiannavy.nic.in/swatantra-swar.htm
https://indiannavy.nic.in/tenders
https://indiannavy.nic.in/thanjavur-utsavam.htm?10428
https://indiannavy.nic.in/unsung-heroes.htm
https://indiannavy.nic.in/upcoming-events.htm
https://indiannavy.nic.in/users/admin
https://indiannavy.nic.in/vadapalani/
https://indiannavy.nic.in/video-gallery
https://indiannavy.nic.in/video-gallery.htm
https://indiannavy.nic.in/volleyball-men-tournament-valedictory
https://indiannavy.nic.in/weekly-highlights.htm
https://indiannavy.nic.in/whats-new-detail.htm?85
https://indiannavy.nic.in/whats-new-detail.htm?86
https://indiannavy.nic.in/whats-new.htm
https://indiannavy.nic.in/whole-of-government.htm
https://ist.srmrmp.edu.in/
https://parent.srmap.edu.in/srmapparentcorner/LoginPage
https://srmap.edu.in/about/
https://srmap.edu.in/about/#about
https://srmap.edu.in/about/crcs/news/
https://srmap.edu.in/about/from-the-past/
https://srmap.edu.in/about/honorary-leadership/
https://srmap.edu.in/about/leadership/
https://srmap.edu.in/about/leadership/pro-vice-chancellor/
https://srmap.edu.in/about/office-international-relations/
https://srmap.edu.in/about/president/
https://srmap.edu.in/about/vice-chancellor/
https://srmap.edu.in/about/virtual-tours/
https://srmap.edu.in/about/vision-mission/
https://srmap.edu.in/academics/#academics
https://srmap.edu.in/academics/ideal/
https://srmap.edu.in/academics/philosophy/
https://srmap.edu.in/academics/philosphy/
https://srmap.edu.in/academics/school-engineering-applied-sciences/
https://srmap.edu.in/admission-india/indian-admission-school-of-management/
https://srmap.edu.in/admission-india/slass/
https://srmap.edu.in/announcement/
https://srmap.edu.in/ap-state-private%20University-act/ap-state-private%20University-act.pdf?x10217
https://srmap.edu.in/ap-state-pvt-university-act-amendment-ordinance/
https://srmap.edu.in/ap-state-university-notification/
https://srmap.edu.in/campus-life/
https://srmap.edu.in/campus-life/#campuslife
https://srmap.edu.in/campus-life/infrastructure/
https://srmap.edu.in/campus-life/sports/
https://srmap.edu.in/careers/
https://srmap.edu.in/communications-media-news/
https://srmap.edu.in/communications-media-news/newsletter/
https://srmap.edu.in/contact/
https://srmap.edu.in/departmental-events/navier-stokes-equations/
https://srmap.edu.in/dr-c-muthamizhchelvan/
https://srmap.edu.in/dr-damodar-acharya/
https://srmap.edu.in/dr-n-balakrishnan/
https://srmap.edu.in/dr-prasant-mohapatra/
https://srmap.edu.in/events-srm-2/#events
https://srmap.edu.in/events-srm/
https://srmap.edu.in/events/asphalt-materials-characterisation/
https://srmap.edu.in/events/ecell-innovation-leadership/
https://srmap.edu.in/events/fdp-nitttr-chennai/
https://srmap.edu.in/events/inauguration-ecell-microsite/
https://srmap.edu.in/faculty/
https://srmap.edu.in/file/2021/01/B.Tech-BSc-Brochure.pdf?x39051&x96548
https://srmap.edu.in/hostel/
https://srmap.edu.in/icrispr2021/
https://srmap.edu.in/india-international-admissions/#admissions
https://srmap.edu.in/indian-admission/
https://srmap.edu.in/international-admission/
https://srmap.edu.in/international-relations/
https://srmap.edu.in/leadership/dr-pradeep-khosla/
https://srmap.edu.in/leadership/honorary-pro-chancellor/
https://srmap.edu.in/library/
https://srmap.edu.in/mr-n-ram/
https://srmap.edu.in/news-media-communications/
https://srmap.edu.in/news/#news
https://srmap.edu.in/news/bennet-samadhan-physics/
https://srmap.edu.in/news/collaboration-hbs-online/
https://srmap.edu.in/news/high-bars-of-predecessors-for-high-marches-of-successors/
https://srmap.edu.in/news/mou-uc-davis-global-study-program/
https://srmap.edu.in/news/research-news/fully-automated-quality-control-rigid-affine-registrations/
https://srmap.edu.in/news/saraswat-inaugurated-centres-excellence/
https://srmap.edu.in/news/securing-online-payments-wearable-devices/
https://srmap.edu.in/news/srm-ap-uc-berkeley-integrating-entrepreneurship-design-engineering-education/
https://srmap.edu.in/news/stanford-global-scientists-2021/
https://srmap.edu.in/news/student-entrepreneur-oureye-ai-ml/#comment-248
https://srmap.edu.in/news/top-emerging-engineering-institute/
https://srmap.edu.in/next-tech-lab%e2%80%a8-2/
https://srmap.edu.in/official-blogs/
https://srmap.edu.in/press-gallery/
https://srmap.edu.in/press-releases/
https://srmap.edu.in/prof-b-v-r-chowdari/
https://srmap.edu.in/prof-krishna-n-ganesh/
https://srmap.edu.in/research-home/
https://srmap.edu.in/research-home/#research
https://srmap.edu.in/research-home/centres/
https://srmap.edu.in/research-home/collaboration/
https://srmap.edu.in/research-home/events/
https://srmap.edu.in/research-home/patents/
https://srmap.edu.in/research-home/phd-programme/
https://srmap.edu.in/research-home/project/
https://srmap.edu.in/research-home/university-research-council/
https://srmap.edu.in/school-liberal-arts-basic-sciences
https://srmap.edu.in/school-of-entrepreneurship-and-management-studies
https://srmap.edu.in/school-of-entrepreneurship-and-management-studies/
https://srmap.edu.in/seams/commerce/overview/
https://srmap.edu.in/seams/management/overview/
https://srmap.edu.in/seas/biology/
https://srmap.edu.in/seas/chemistry/
https://srmap.edu.in/seas/civil-engineering/
https://srmap.edu.in/seas/computer-science-department/
https://srmap.edu.in/seas/computer-science-engineering/
https://srmap.edu.in/seas/electrical-and-electronics-engineering/
https://srmap.edu.in/seas/electronics-and-communication-engineering/
https://srmap.edu.in/seas/environmental-science/
https://srmap.edu.in/seas/mathematics/
https://srmap.edu.in/seas/mechanical-engineering/
https://srmap.edu.in/seas/physics-department/
https://srmap.edu.in/semester-course-registration/
https://srmap.edu.in/slabs/
https://srmap.edu.in/slabs/history/
https://srmap.edu.in/slass/
https://srmap.edu.in/slass/commerce-overview/
https://srmap.edu.in/slass/computer-science-department/
https://srmap.edu.in/slass/economics/
https://srmap.edu.in/slass/english-studies/
https://srmap.edu.in/slass/psychology/
https://srmap.edu.in/srm-university-ap-statutes/
https://srmap.edu.in/student-corner/
https://srmap.edu.in/teaching-learning-centre/
https://srmap.edu.in/transport/
https://srmap.edu.in/ugc-proforma/
https://srmap.edu.in/wp-content/uploads/2019/05/SRM-AP-UGC-Proforma-for-submission-of-information-by-state-private-universities-ascertaining-their-norms-and-standards..pdf?x39051
https://srmap.edu.in/wp-content/uploads/2019/05/SRM-AP-UGC-Proforma-for-submission-of-information-by-state-private-universities-ascertaining-their-norms-and-standards..pdf?x67789
https://srmap.edu.in/wp-content/uploads/2020/07/Anti-Ragging-Policy.pdf?x10217#toolbar=0
https://srmap.edu.in/wp-content/uploads/2020/07/Anti-Ragging-Policy.pdf?x39051#toolbar=0
https://srmap.edu.in/wp-content/uploads/2020/07/Anti-Ragging-Policy.pdf?x67789#toolbar=0
https://srmap.edu.in/wp-content/uploads/2020/07/Grievance-Redressal-of-Employees-Policy.pdf?x10217#toolbar=0
https://srmap.edu.in/wp-content/uploads/2020/07/Grievance-Redressal-of-Employees-Policy.pdf?x39051#toolbar=0
https://srmap.edu.in/wp-content/uploads/2020/07/Grievance-Redressal-of-Students-Policy.pdf?x10217#toolbar=0
https://srmap.edu.in/wp-content/uploads/2020/07/Hostel-Policy.pdf?x10217#toolbar=0
https://srmap.edu.in/wp-content/uploads/2020/07/Hostel-Policy.pdf?x39051#toolbar=0
https://srmap.edu.in/wp-content/uploads/2020/07/Hostel-Policy.pdf?x67789#toolbar=0
https://srmap.edu.in/wp-content/uploads/2020/07/Student-Code-of-Conduct-Policy.pdf?x10217#toolbar=0
https://srmap.edu.in/wp-content/uploads/2020/07/Student-Code-of-Conduct-Policy.pdf?x39051#toolbar=0
https://srmap.edu.in/wp-content/uploads/2020/07/Student-Code-of-Conduct-Policy.pdf?x67789#toolbar=0
https://srmap.edu.in/wp-content/uploads/2022/01/SRM-AP_Common-Brochure_2022.pdf?x10217
https://student.srmap.edu.in/srmapstudentcorner/StudentLoginPage
https://webstor.srmist.edu.in/web_assets/downloads/2020/annexure-2.pdf
https://webstor.srmist.edu.in/web_assets/downloads/2020/easy-soft-education-loans-for-srm-students.docx
https://webstor.srmist.edu.in/web_assets/downloads/2020/research-form.pdf
https://webstor.srmist.edu.in/web_assets/downloads/2020/reu-proposal.pdf
https://webstor.srmist.edu.in/web_assets/downloads/2020/selective-excellence.pdf
https://webstor.srmist.edu.in/web_assets/downloads/2020/sop-for-physical-reopening-of-university.pdf
https://webstor.srmist.edu.in/web_assets/downloads/2020/srm-hostel-rules-2020.pdf
https://webstor.srmist.edu.in/web_assets/downloads/2020/srm-urban-farm-center.pdf
https://webstor.srmist.edu.in/web_assets/downloads/2021/annexure-v1.pdf
https://webstor.srmist.edu.in/web_assets/downloads/2021/ariia-2021-report.pdf
https://webstor.srmist.edu.in/web_assets/downloads/2021/ebsco-ebooks.pdf
https://webstor.srmist.edu.in/web_assets/downloads/2021/icammc-2021-brochure.pdf
https://webstor.srmist.edu.in/web_assets/downloads/2021/icammc-2021-confernce-schedule.pdf
https://webstor.srmist.edu.in/web_assets/srm_mainsite/files/2016/Management_info_2017.pdf
https://webstor.srmist.edu.in/web_assets/srm_mainsite/files/2016/Medicine_info_2017.pdf
https://webstor.srmist.edu.in/web_assets/srm_mainsite/files/2016/Times-Engg-ranking-survey-2017.pdf
https://webstor.srmist.edu.in/web_assets/srm_mainsite/files/2016/Times_Higher_Education_Ranking_2016-17.pdf
https://webstor.srmist.edu.in/web_assets/srm_mainsite/files/2016/Website_Sustainability_2017.pdf
https://webstor.srmist.edu.in/web_assets/srm_mainsite/files/2016/hotel_mgmt_info_2017.pdf
https://webstor.srmist.edu.in/web_assets/srm_mainsite/files/2016/science_humanities_info_2017.pdf
https://webstor.srmist.edu.in/web_assets/srm_mainsite/files/2017/Policy-for-Promotion-of-Research.pdf
https://webstor.srmist.edu.in/web_assets/srm_mainsite/files/2017/Policy-on-Consultancy.pdf
https://webstor.srmist.edu.in/web_assets/srm_mainsite/files/2018/core-values.pdf
https://webstor.srmist.edu.in/web_assets/srm_mainsite/files/2018/engineering-institute-ranking2018.pdf
https://webstor.srmist.edu.in/web_assets/srm_mainsite/files/2018/ethics-for-teachers-and-engineers.pdf
https://webstor.srmist.edu.in/web_assets/srm_mainsite/files/2018/ipr-policy-2018.pdf
https://webstor.srmist.edu.in/web_assets/srm_mainsite/files/2018/patents-filed-India-US.pdf
https://webstor.srmist.edu.in/web_assets/srm_mainsite/files/2018/phd-mgmt-curiculum-syllabus-2014-18.pdf
https://webstor.srmist.edu.in/web_assets/srm_mainsite/files/2018/placement-ranking-2018.pdf
https://webstor.srmist.edu.in/web_assets/srm_mainsite/files/2018/srmist-sustainablity-policy.pdf
https://webstor.srmist.edu.in/web_assets/srm_mainsite/files/2019/ARIIA-ranking-SRMIST.pdf
https://webstor.srmist.edu.in/web_assets/srm_mainsite/files/2019/Pictorial-view-hostel-2019.pdf
https://webstor.srmist.edu.in/web_assets/srm_mainsite/files/2019/agri-annual-report-2018-19-rev-1.pdf
https://webstor.srmist.edu.in/web_assets/srm_mainsite/files/2019/agricultural-science-info.pdf
https://webstor.srmist.edu.in/web_assets/srm_mainsite/files/2019/guide-to-entrance-btech-2020.pdf
https://webstor.srmist.edu.in/web_assets/srm_mainsite/files/2019/list-of-deemed-universities-2018-12-B.pdf
https://webstor.srmist.edu.in/web_assets/srm_mainsite/files/2019/naac-certificate-of-accreditation.pdf 
https://webstor.srmist.edu.in/web_assets/srm_mainsite/files/2019/srm-e&t-brochure.pdf
https://webstor.srmist.edu.in/web_assets/srm_mainsite/files/2020/ari-u-0473-ecertificate.pdf
https://webstor.srmist.edu.in/web_assets/srm_mainsite/files/downloads/2015_ranking_bba.pdf
https://webstor.srmist.edu.in/web_assets/srm_mainsite/files/downloads/2015_ranking_bca.pdf
https://webstor.srmist.edu.in/web_assets/srm_mainsite/files/downloads/2015_ranking_engineering.pdf
https://webstor.srmist.edu.in/web_assets/srm_mainsite/files/downloads/2015_ranking_hotel_mgmt.pdf
https://webstor.srmist.edu.in/web_assets/srm_mainsite/files/downloads/2016_ranking_mgmt.pdf
https://webstor.srmist.edu.in/web_assets/srm_mainsite/files/downloads/Higher_edu_ranking2016.pdf
https://webstor.srmist.edu.in/web_assets/srm_mainsite/files/downloads/India_today_2016_NS_bba.pdf
https://webstor.srmist.edu.in/web_assets/srm_mainsite/files/downloads/India_today_2016_NS_bca.pdf
https://webstor.srmist.edu.in/web_assets/srm_mainsite/files/downloads/India_today_2016_NS_engg.pdf
https://webstor.srmist.edu.in/web_assets/srm_mainsite/files/downloads/India_today_2016_NS_hotel.pdf
https://webstor.srmist.edu.in/web_assets/srm_mainsite/files/downloads/SRM_Journal_Book_36_Departments.xlsx
https://webstor.srmist.edu.in/web_assets/srm_mainsite/files/downloads/TOI_ranking_survey_2016.pdf
https://webstor.srmist.edu.in/web_assets/srm_mainsite/files/downloads/TOI_region_wise_ranking_2016.pdf
https://webstor.srmist.edu.in/web_assets/srm_mainsite/files/downloads/high-impact-journals2009.pdf
https://webstor.srmist.edu.in/web_assets/srm_mainsite/files/downloads/india_today_survey.pdf
https://webstor.srmist.edu.in/web_assets/srm_mainsite/files/downloads/mychoicesrm.pdf
https://webstor.srmist.edu.in/web_assets/srm_mainsite/files/downloads/times_engineering_2015.pdf
https://webstor.srmist.edu.in/web_assets/srm_mainsite/files/downloads/times_engineering_ranking.pdf
https://webstor.srmist.edu.in/web_assets/srm_mainsite/files/downloads/times_medical_survey_2015.pdf
https://webstor.srmist.edu.in/web_assets/srm_mainsite/files/downloads/times_of_india_ranking.pdf
https://webstor.srmist.edu.in/web_assets/srm_mainsite/files/downloads/univ_ranking2012.pdf
https://webstor.srmist.edu.in/web_assets/srm_mainsite/files/new.html
https://webstor.srmist.edu.in/web_assets/srmist-virtual-tour-vo/index.htm
https://www.indiaculture.nic.in/
https://www.indiannavy.nic.in/NWWA/index.html
https://www.indiannavy.nic.in/ifc-ior/index.html
https://www.indiannavy.nic.in/inpa/
https://www.indiannavy.nic.in/insshivaji
https://www.indiannavy.nic.in/insvalsura
https://www.indiannavy.nic.in/navy/desa
https://www.indiannavy.nic.in/navy/navpen
https://www.indiannavy.nic.in/navy/npo
https://www.indiannavy.nic.in/nih
https://www.indiannavy.nic.in/node/14567
https://www.srmist.edu.in#hero-carousel
https://www.srmist.edu.in#home
https://www.srmist.edu.in#main-content
https://www.srmist.edu.in#menu1
https://www.srmist.edu.in#tab1default
https://www.srmist.edu.in#tab2default
https://www.srmist.edu.in#tab3default
https://www.srmist.edu.in/#about
https://www.srmist.edu.in/#academics
https://www.srmist.edu.in/#admission
https://www.srmist.edu.in/#events
https://www.srmist.edu.in/17th-convocation/
https://www.srmist.edu.in/Announcements
https://www.srmist.edu.in/IIISM/index.html
https://www.srmist.edu.in/Layouts/NIRF/index.html
https://www.srmist.edu.in/Management/lesson-plan/pg
https://www.srmist.edu.in/Medical_Research/index.html
https://www.srmist.edu.in/Organizational-Chart/
https://www.srmist.edu.in/about-us/international-hostel
https://www.srmist.edu.in/about.php
https://www.srmist.edu.in/about/accreditation-and-ranking
https://www.srmist.edu.in/aboutus/administration
https://www.srmist.edu.in/aboutus/archives
https://www.srmist.edu.in/aboutus/building-details
https://www.srmist.edu.in/aboutus/campus-view
https://www.srmist.edu.in/aboutus/faculties-schools-and-departments
https://www.srmist.edu.in/aboutus/history
https://www.srmist.edu.in/aboutus/hostel-booking-schedule-ncr-campus-2018-2019
https://www.srmist.edu.in/aboutus/hostels-men
https://www.srmist.edu.in/aboutus/hostels-women
https://www.srmist.edu.in/aboutus/how-and-when-apply
https://www.srmist.edu.in/aboutus/library-staff
https://www.srmist.edu.in/aboutus/non-printed-materials
https://www.srmist.edu.in/aboutus/our-campus
https://www.srmist.edu.in/aboutus/our-campus/library
https://www.srmist.edu.in/aboutus/panel-foreign-faculty
https://www.srmist.edu.in/aboutus/programs
https://www.srmist.edu.in/aboutus/research-at-srm
https://www.srmist.edu.in/aboutus/research-srm
https://www.srmist.edu.in/aboutus/resource-sharing
https://www.srmist.edu.in/aboutus/rules-and-regulations
https://www.srmist.edu.in/aboutus/vision
https://www.srmist.edu.in/aboutus/vision-and-mission
https://www.srmist.edu.in/aboutus/visiting-srm
https://www.srmist.edu.in/aboutus/who-can-apply
https://www.srmist.edu.in/academics/academic-achievements
https://www.srmist.edu.in/academics/colleges-and-schools
https://www.srmist.edu.in/academics/departmentsa-z
https://www.srmist.edu.in/academics/engineering
https://www.srmist.edu.in/academics/science-and-humanities
https://www.srmist.edu.in/acdemics/international-advisory-board
https://www.srmist.edu.in/activities.php
https://www.srmist.edu.in/admission-india/agricultural-science/hostel-fee/how-to-apply
https://www.srmist.edu.in/admission-india/contact
https://www.srmist.edu.in/admission-india/distance-education/programs-offered
https://www.srmist.edu.in/admission-india/download
https://www.srmist.edu.in/admission-india/engineering/admission-procedure-how-to-apply
https://www.srmist.edu.in/admission-india/faqs
https://www.srmist.edu.in/admission-india/hotel-and-catering-management/program-offered
https://www.srmist.edu.in/admission-india/law/admission-procedure-how-to-apply
https://www.srmist.edu.in/admission-india/management/admission-procedure-how-to-apply
https://www.srmist.edu.in/admission-india/medical-health-sciences/admission-procedure-eligibility
https://www.srmist.edu.in/admission-india/medical-health-sciences/admission-procedure-how-to-apply
https://www.srmist.edu.in/admission-india/medical-health-sciences/fees/tuition-fee
https://www.srmist.edu.in/admission-india/medical-health-sciences/programs-offered
https://www.srmist.edu.in/admission-india/science-and-humanities/admission-procedure-how-to-apply
https://www.srmist.edu.in/admission-international
https://www.srmist.edu.in/admission-international/
https://www.srmist.edu.in/agricultural-sciences/academic-calendar
https://www.srmist.edu.in/alumni-affairs/about-us
https://www.srmist.edu.in/announcement/hostel-fee-structure-academic-year-2020-21-senior-students-boys-girls
https://www.srmist.edu.in/announcement/online-hostel-booking-faculty-agricultural-sciences-2020-2021
https://www.srmist.edu.in/announcement/online-hostel-booking-schedule-senior-students-boys-girls
https://www.srmist.edu.in/announcement/sop-for-physical-reopening-of-university-for-teachers-administrative-staff-others
https://www.srmist.edu.in/announcement/standard-operating-procedure-for-physical-reopening-of-university-students
https://www.srmist.edu.in/campus-life/facilities-and-operations
https://www.srmist.edu.in/campus-life/students-counseling-service
https://www.srmist.edu.in/campus/arts-culture
https://www.srmist.edu.in/campus/athleticsfitness
https://www.srmist.edu.in/campus/campus
https://www.srmist.edu.in/campus/caste_discrimination
https://www.srmist.edu.in/campus/constitution-internal-complaints-committee
https://www.srmist.edu.in/campus/studentlife
https://www.srmist.edu.in/campus_connect/spectrum
https://www.srmist.edu.in/centre-for-statistics
https://www.srmist.edu.in/centre-for-statistics/
https://www.srmist.edu.in/collaboration.html
https://www.srmist.edu.in/contact.php
https://www.srmist.edu.in/content/admission-india-portal
https://www.srmist.edu.in/content/apj-abdul-kalam-distinguished-professor
https://www.srmist.edu.in/content/automation-and-services
https://www.srmist.edu.in/content/call-proposals
https://www.srmist.edu.in/content/contact-us-0
https://www.srmist.edu.in/content/covid-19-updates
https://www.srmist.edu.in/content/faculty-abroad-program
https://www.srmist.edu.in/content/funded-research
https://www.srmist.edu.in/content/gateway-faculty
https://www.srmist.edu.in/content/gateway-parents
https://www.srmist.edu.in/content/gateway-student
https://www.srmist.edu.in/content/joint-programme-srm-university-india-shizuoka-university-japan
https://www.srmist.edu.in/content/library
https://www.srmist.edu.in/content/phd
https://www.srmist.edu.in/content/strategic-alliance
https://www.srmist.edu.in/content/visitors
https://www.srmist.edu.in/convocation/
https://www.srmist.edu.in/corporate-relations/
https://www.srmist.edu.in/dept-agri/agricultural-insights
https://www.srmist.edu.in/directorate-of-research
https://www.srmist.edu.in/directorate-of-research/
https://www.srmist.edu.in/disclaimer.html
https://www.srmist.edu.in/distance-education-directorate/
https://www.srmist.edu.in/engineering/anti-ragging
https://www.srmist.edu.in/engineering/cacr/index.htm
https://www.srmist.edu.in/events
https://www.srmist.edu.in/events-archive/2021
https://www.srmist.edu.in/events/two-days-workshop-on-the-role-of-artificial-intelligence%20in-software-fault-prediction
https://www.srmist.edu.in/events/workshop-on-improved-production-technology-of-medicinal-plants
https://www.srmist.edu.in/events/workshop-on-pharmacogenomics
https://www.srmist.edu.in/faculty-directory
https://www.srmist.edu.in/faculty-of-agricultural-sciences/activities
https://www.srmist.edu.in/faculty-of-agricultural-sciences/events
https://www.srmist.edu.in/faculty-of-agricultural-sciences/faculty-list
https://www.srmist.edu.in/faculty-of-agricultural-sciences/mission
https://www.srmist.edu.in/faculty-receives-kanwar-virendar-singh-memorial-award
https://www.srmist.edu.in/hostel/contact-us
https://www.srmist.edu.in/icammc-2021/about
https://www.srmist.edu.in/icammc-2021/call-for-papers
https://www.srmist.edu.in/icammc-2021/members
https://www.srmist.edu.in/icammc-2021/registration
https://www.srmist.edu.in/icammc-2021/speakers
https://www.srmist.edu.in/iec-human-studies-2017
https://www.srmist.edu.in/index.html
https://www.srmist.edu.in/index.php
https://www.srmist.edu.in/institute-hotel-and-catering-management
https://www.srmist.edu.in/iqac/information-in-public-interest
https://www.srmist.edu.in/iqac/internal-quality-assurance-cell
https://www.srmist.edu.in/ir/content/fulbright-research-scholar-usa-srm
https://www.srmist.edu.in/ir/content/fulbright-research-scholar-usa-srm-0
https://www.srmist.edu.in/ir/dual-degree
https://www.srmist.edu.in/ir/fulbright-research-scholar-usa-srm
https://www.srmist.edu.in/ir/global-immersion-programme
https://www.srmist.edu.in/ir/google-student-ambassadors-srm-university
https://www.srmist.edu.in/ir/ir/areas-support
https://www.srmist.edu.in/ir/ir/arrival-and-orientation
https://www.srmist.edu.in/ir/ir/arrival-resources
https://www.srmist.edu.in/ir/ir/content/dual-degree
https://www.srmist.edu.in/ir/ir/content/out-bound
https://www.srmist.edu.in/ir/ir/content/outbound-mobility
https://www.srmist.edu.in/ir/ir/content/twining-transfer-degree
https://www.srmist.edu.in/ir/ir/duration-and-eligibility
https://www.srmist.edu.in/ir/ir/faculty-abroad-program
https://www.srmist.edu.in/ir/ir/fees
https://www.srmist.edu.in/ir/ir/full-time-and-visting-foreign-faculty-srm
https://www.srmist.edu.in/ir/ir/full-time-foreign-faculty
https://www.srmist.edu.in/ir/ir/health-insurance
https://www.srmist.edu.in/ir/ir/how-to-apply
https://www.srmist.edu.in/ir/ir/how-to-apply/step-wise-procedure
https://www.srmist.edu.in/ir/ir/international-student-statistics
https://www.srmist.edu.in/ir/ir/inviting-support
https://www.srmist.edu.in/ir/ir/partnerships
https://www.srmist.edu.in/ir/ir/programs
https://www.srmist.edu.in/ir/ir/prospective-international-students
https://www.srmist.edu.in/ir/ir/prospective-international-students/why-srm
https://www.srmist.edu.in/ir/ir/scholarship
https://www.srmist.edu.in/ir/ir/ways-gift
https://www.srmist.edu.in/ir/out-bound
https://www.srmist.edu.in/ir/outbound-mobility
https://www.srmist.edu.in/ir/shiksha-rattan-puraskar-and-glory-india-gold-medal-dr-srikanth
https://www.srmist.edu.in/ir/success-stories/reminiscences-experience-lifetime-harvard
https://www.srmist.edu.in/ir/success-stories/srm-students-get-dream-internship-nec-japan
https://www.srmist.edu.in/ir/success-stories/student-semester-abroad-experience-tokai-university-japan
https://www.srmist.edu.in/ir/success-stories/student-spend-semester-university-california-berkeley
https://www.srmist.edu.in/ir/success-stories/umea-uni-sweden-exchange-students-2016
https://www.srmist.edu.in/ir/twining-transfer-degree
https://www.srmist.edu.in/management/school-of-management
https://www.srmist.edu.in/management/school-of-management/academics/programmes-Offered/mba/hrm
https://www.srmist.edu.in/medical-college
https://www.srmist.edu.in/muthucharam/
https://www.srmist.edu.in/ncr/
https://www.srmist.edu.in/news-gallery-view/15210
https://www.srmist.edu.in/news/student-entrepreneur-oureye-ai-ml/#respond
https://www.srmist.edu.in/nrc/
https://www.srmist.edu.in/online-hostel-booking-schedule-for-academic-year-2020-21-first-year-students-boys-girls-ktr-campus
https://www.srmist.edu.in/our-campus/tiruchirappalli-campus
https://www.srmist.edu.in/placement
https://www.srmist.edu.in/placement/
https://www.srmist.edu.in/placement/about
https://www.srmist.edu.in/placement/about-cdc
https://www.srmist.edu.in/placement/activities
https://www.srmist.edu.in/placement/contacts
https://www.srmist.edu.in/placement/milestones
https://www.srmist.edu.in/placement/recruiters
https://www.srmist.edu.in/privacy-policy
https://www.srmist.edu.in/ramapuram/
https://www.srmist.edu.in/ratan-tata-visits-srm-university
https://www.srmist.edu.in/related_links.html
https://www.srmist.edu.in/research-opportunities
https://www.srmist.edu.in/research/bioengineering
https://www.srmist.edu.in/research/car_projects
https://www.srmist.edu.in/research/faculty-publication
https://www.srmist.edu.in/research/funded_research
https://www.srmist.edu.in/research/ipr-workshops
https://www.srmist.edu.in/research/mphil-awarded-112016
https://www.srmist.edu.in/research/mphil/enrolled-list
https://www.srmist.edu.in/research/multidisciplinary_research
https://www.srmist.edu.in/research/othernanotechnology
https://www.srmist.edu.in/research/phd-registered-srm-uni-main
https://www.srmist.edu.in/research/phd_awarded
https://www.srmist.edu.in/research/phd_research
https://www.srmist.edu.in/research/research
https://www.srmist.edu.in/research/research_publication
https://www.srmist.edu.in/research/students_publication
https://www.srmist.edu.in/research/undergraduate_research
https://www.srmist.edu.in/research_institute/index.html
https://www.srmist.edu.in/rti-november-2017
https://www.srmist.edu.in/sap/
https://www.srmist.edu.in/school-of-management/department-business-administration
https://www.srmist.edu.in/school-of-management/hospitality-management
https://www.srmist.edu.in/school-of-management/mba-in-banking-and-financial-services/about-department
https://www.srmist.edu.in/school-of-management/programs-offered/marketing
https://www.srmist.edu.in/school-of-management/programs-offered/operations
https://www.srmist.edu.in/school-of-management/programs-offered/systems
https://www.srmist.edu.in/science-and-humanities/about-srm-center-of-journalism
https://www.srmist.edu.in/soc
https://www.srmist.edu.in/soc/
https://www.srmist.edu.in/sports/facilities-sports-and-games
https://www.srmist.edu.in/srm-alumni-wins-facebook-grand-hackathon-finals
https://www.srmist.edu.in/srm-carnegie-mellon-partnership/msit-ese-overview
https://www.srmist.edu.in/srm-dbt/node/14
https://www.srmist.edu.in/srm-hull-partnership/
https://www.srmist.edu.in/srm-receives-4star-rating-by-QS-London-oct2017
https://www.srmist.edu.in/srm-student-becomes-first-india-women-to-qualify-for-olympics
https://www.srmist.edu.in/srm-tamil-perayam-awards-2021
https://www.srmist.edu.in/srmpedia-application-2017
https://www.srmist.edu.in/sustainability-cell
https://www.srmist.edu.in/terms-and-conditions
https://www.srmist.edu.in/theme.php
https://www.srmist.edu.in/users/admin
https://www.srmist.edu.in/vadapalani
https://www.srmist.edu.in/vadapalani/
https://www.srmist.edu.in/virtual/tour/Index.html
https://www.srmist.edu.in/vision_mission.html
